{
    "llm": {
        "gpt-3.5-turbo-1106": {
            "input": 0.000001,
            "output": 0.000002
        },
        "gpt-3.5-turbo-16k": {
            "input": 0.000001,
            "output": 0.000002
        },
        "gpt-3.5-turbo-instruct": {
            "input": 0.000001,
            "output": 0.000002
        },
        "gpt-4": {
            "input": 0.00003,
            "output": 0.00006
        },
        "gpt-4-32k": {
            "input": 0.00006,
            "output": 0.00012
        },
        "gpt-4-1106-preview": {
            "input": 0.00001,
            "output": 0.00003
        },
        "gpt-4-1106-vision-preview": {
            "input": 0.00001,
            "output": 0.00003
        }
    },
    "tts": {
        "openai": 0.000015,
        "openai-hd": 0.00003,
        "xtts": 0.000016,
        "polly-neural": 0.000016,
        "polly-standard": 0.000004,
        "matcha": 0.000004,
        "tortoise": 0.000015,
        "elevenlabs": 0.00022
    },
    "asr": {
        "nova-2": 0.0043,
        "nova-1": 0.0043,
        "whisper-large": 0.0048,
        "whisper-medium": 0.0042,
        "whisper-small": 0.0038,
        "whisper-tiny": 0.0033,
        "whisper-base": 0.0035
    }
}